ip-172-31-27-116.ec2.internal.meminfo.cached,2019-02-23 21:14:00,230889.33333333334
ip-172-31-27-116.ec2.internal.meminfo.cached,2019-02-23 21:15:00,263659.3333333333
ip-172-31-27-116.ec2.internal.meminfo.cached,2019-02-23 21:16:00,263664.6666666667
ip-172-31-27-116.ec2.internal.meminfo.cached,2019-02-23 21:17:00,263675.3333333333
ip-172-31-27-116.ec2.internal.meminfo.cached,2019-02-23 21:18:00,263685.3333333333
ip-172-31-27-116.ec2.internal.meminfo.cached,2019-02-23 21:19:00,263695.3333333333
ip-172-31-27-116.ec2.internal.meminfo.cached,2019-02-23 21:20:00,263713.3333333333
ip-172-31-27-116.ec2.internal.meminfo.cached,2019-02-23 21:21:00,263726.6666666667
ip-172-31-27-116.ec2.internal.meminfo.cached,2019-02-23 21:22:00,263737.3333333333
ip-172-31-27-116.ec2.internal.meminfo.cached,2019-02-23 21:23:00,263749.3333333333
ip-172-31-27-116.ec2.internal.meminfo.cached,2019-02-23 21:24:00,263756.0
ip-172-31-27-116.ec2.internal.meminfo.cached,2019-02-23 21:25:00,263766.0
ip-172-31-27-116.ec2.internal.meminfo.cached,2019-02-23 21:26:00,263778.6666666667
ip-172-31-27-116.ec2.internal.meminfo.cached,2019-02-23 21:27:00,263787.3333333333
ip-172-31-27-116.ec2.internal.meminfo.cached,2019-02-23 21:28:00,263795.3333333333
ip-172-31-27-116.ec2.internal.meminfo.cached,2019-02-23 21:29:00,263801.3333333333
ip-172-31-27-116.ec2.internal.meminfo.cached,2019-02-23 21:30:00,263810.0
ip-172-31-27-116.ec2.internal.meminfo.cached,2019-02-23 21:31:00,263816.6666666667
ip-172-31-27-116.ec2.internal.meminfo.cached,2019-02-23 21:32:00,263823.3333333333
ip-172-31-27-116.ec2.internal.meminfo.cached,2019-02-23 21:33:00,263824.0
ip-172-31-27-116.ec2.internal.meminfo.cached,2019-02-23 21:34:00,263830.0
ip-172-31-27-116.ec2.internal.meminfo.cached,2019-02-23 21:35:00,263834.6666666667
ip-172-31-27-116.ec2.internal.meminfo.cached,2019-02-23 21:36:00,263841.3333333333
ip-172-31-27-116.ec2.internal.meminfo.cached,2019-02-23 21:37:00,263848.0
ip-172-31-27-116.ec2.internal.meminfo.cached,2019-02-23 21:38:00,263855.3333333333
ip-172-31-27-116.ec2.internal.meminfo.cached,2019-02-23 21:39:00,263862.0
ip-172-31-27-116.ec2.internal.meminfo.cached,2019-02-23 21:40:00,263879.3333333333
ip-172-31-27-116.ec2.internal.meminfo.cached,2019-02-23 21:41:00,263891.3333333333
ip-172-31-27-116.ec2.internal.meminfo.cached,2019-02-23 21:42:00,263903.3333333333
ip-172-31-27-116.ec2.internal.meminfo.cached,2019-02-23 21:43:00,263908.6666666667
ip-172-31-27-116.ec2.internal.meminfo.cached,2019-02-23 21:44:00,263914.0
ip-172-31-27-116.ec2.internal.meminfo.cached,2019-02-23 21:45:00,263920.6666666667
ip-172-31-27-116.ec2.internal.meminfo.cached,2019-02-23 21:46:00,263932.6666666667
ip-172-31-27-116.ec2.internal.meminfo.free,2019-02-23 21:14:00,9307743.333333334
ip-172-31-27-116.ec2.internal.meminfo.free,2019-02-23 21:15:00,8522528.666666666
ip-172-31-27-116.ec2.internal.meminfo.free,2019-02-23 21:16:00,8382006.0
ip-172-31-27-116.ec2.internal.meminfo.free,2019-02-23 21:17:00,8157834.0
ip-172-31-27-116.ec2.internal.meminfo.free,2019-02-23 21:18:00,8109040.666666667
ip-172-31-27-116.ec2.internal.meminfo.free,2019-02-23 21:19:00,7936793.333333333
ip-172-31-27-116.ec2.internal.meminfo.free,2019-02-23 21:20:00,7871809.333333333
ip-172-31-27-116.ec2.internal.meminfo.free,2019-02-23 21:21:00,7802126.666666667
ip-172-31-27-116.ec2.internal.meminfo.free,2019-02-23 21:22:00,7722330.0
ip-172-31-27-116.ec2.internal.meminfo.free,2019-02-23 21:23:00,7603585.333333333
ip-172-31-27-116.ec2.internal.meminfo.free,2019-02-23 21:24:00,7485694.0
ip-172-31-27-116.ec2.internal.meminfo.free,2019-02-23 21:25:00,7393140.666666667
ip-172-31-27-116.ec2.internal.meminfo.free,2019-02-23 21:26:00,7267940.666666667
ip-172-31-27-116.ec2.internal.meminfo.free,2019-02-23 21:27:00,7170776.0
ip-172-31-27-116.ec2.internal.meminfo.free,2019-02-23 21:28:00,7046834.0
ip-172-31-27-116.ec2.internal.meminfo.free,2019-02-23 21:29:00,6839308.0
ip-172-31-27-116.ec2.internal.meminfo.free,2019-02-23 21:30:00,6682704.0
ip-172-31-27-116.ec2.internal.meminfo.free,2019-02-23 21:31:00,6505432.0
ip-172-31-27-116.ec2.internal.meminfo.free,2019-02-23 21:32:00,6354398.666666667
ip-172-31-27-116.ec2.internal.meminfo.free,2019-02-23 21:33:00,6158340.0
ip-172-31-27-116.ec2.internal.meminfo.free,2019-02-23 21:34:00,5986938.666666667
ip-172-31-27-116.ec2.internal.meminfo.free,2019-02-23 21:35:00,5816092.666666667
ip-172-31-27-116.ec2.internal.meminfo.free,2019-02-23 21:36:00,5634462.666666667
ip-172-31-27-116.ec2.internal.meminfo.free,2019-02-23 21:37:00,5449524.0
ip-172-31-27-116.ec2.internal.meminfo.free,2019-02-23 21:38:00,5253328.666666667
ip-172-31-27-116.ec2.internal.meminfo.free,2019-02-23 21:39:00,5060388.666666667
ip-172-31-27-116.ec2.internal.meminfo.free,2019-02-23 21:40:00,4949148.666666667
ip-172-31-27-116.ec2.internal.meminfo.free,2019-02-23 21:41:00,4911386.0
ip-172-31-27-116.ec2.internal.meminfo.free,2019-02-23 21:42:00,4872426.0
ip-172-31-27-116.ec2.internal.meminfo.free,2019-02-23 21:43:00,4836594.0
ip-172-31-27-116.ec2.internal.meminfo.free,2019-02-23 21:44:00,4779398.666666667
ip-172-31-27-116.ec2.internal.meminfo.free,2019-02-23 21:45:00,4730203.333333333
ip-172-31-27-116.ec2.internal.meminfo.free,2019-02-23 21:46:00,4680276.666666667
ip-172-31-27-116.ec2.internal.meminfo.tot,2019-02-23 21:14:00,10394332.0
ip-172-31-27-116.ec2.internal.meminfo.tot,2019-02-23 21:15:00,10394332.0
ip-172-31-27-116.ec2.internal.meminfo.tot,2019-02-23 21:16:00,10394332.0
ip-172-31-27-116.ec2.internal.meminfo.tot,2019-02-23 21:17:00,10394332.0
ip-172-31-27-116.ec2.internal.meminfo.tot,2019-02-23 21:18:00,10394332.0
ip-172-31-27-116.ec2.internal.meminfo.tot,2019-02-23 21:19:00,10394332.0
ip-172-31-27-116.ec2.internal.meminfo.tot,2019-02-23 21:20:00,10394332.0
ip-172-31-27-116.ec2.internal.meminfo.tot,2019-02-23 21:21:00,10394332.0
ip-172-31-27-116.ec2.internal.meminfo.tot,2019-02-23 21:22:00,10394332.0
ip-172-31-27-116.ec2.internal.meminfo.tot,2019-02-23 21:23:00,10394332.0
ip-172-31-27-116.ec2.internal.meminfo.tot,2019-02-23 21:24:00,10394332.0
ip-172-31-27-116.ec2.internal.meminfo.tot,2019-02-23 21:25:00,10394332.0
ip-172-31-27-116.ec2.internal.meminfo.tot,2019-02-23 21:26:00,10394332.0
ip-172-31-27-116.ec2.internal.meminfo.tot,2019-02-23 21:27:00,10394332.0
ip-172-31-27-116.ec2.internal.meminfo.tot,2019-02-23 21:28:00,10394332.0
ip-172-31-27-116.ec2.internal.meminfo.tot,2019-02-23 21:29:00,10394332.0
ip-172-31-27-116.ec2.internal.meminfo.tot,2019-02-23 21:30:00,10394332.0
ip-172-31-27-116.ec2.internal.meminfo.tot,2019-02-23 21:31:00,10394332.0
ip-172-31-27-116.ec2.internal.meminfo.tot,2019-02-23 21:32:00,10394332.0
ip-172-31-27-116.ec2.internal.meminfo.tot,2019-02-23 21:33:00,10394332.0
ip-172-31-27-116.ec2.internal.meminfo.tot,2019-02-23 21:34:00,10394332.0
ip-172-31-27-116.ec2.internal.meminfo.tot,2019-02-23 21:35:00,10394332.0
ip-172-31-27-116.ec2.internal.meminfo.tot,2019-02-23 21:36:00,10394332.0
ip-172-31-27-116.ec2.internal.meminfo.tot,2019-02-23 21:37:00,10394332.0
ip-172-31-27-116.ec2.internal.meminfo.tot,2019-02-23 21:38:00,10394332.0
ip-172-31-27-116.ec2.internal.meminfo.tot,2019-02-23 21:39:00,10394332.0
ip-172-31-27-116.ec2.internal.meminfo.tot,2019-02-23 21:40:00,10394332.0
ip-172-31-27-116.ec2.internal.meminfo.tot,2019-02-23 21:41:00,10394332.0
ip-172-31-27-116.ec2.internal.meminfo.tot,2019-02-23 21:42:00,10394332.0
ip-172-31-27-116.ec2.internal.meminfo.tot,2019-02-23 21:43:00,10394332.0
ip-172-31-27-116.ec2.internal.meminfo.tot,2019-02-23 21:44:00,10394332.0
ip-172-31-27-116.ec2.internal.meminfo.tot,2019-02-23 21:45:00,10394332.0
ip-172-31-27-116.ec2.internal.meminfo.tot,2019-02-23 21:46:00,10394332.0
ip-172-31-27-116.ec2.internal.meminfo.used,2019-02-23 21:14:00,1086588.6666666667
ip-172-31-27-116.ec2.internal.meminfo.used,2019-02-23 21:15:00,1871803.3333333333
ip-172-31-27-116.ec2.internal.meminfo.used,2019-02-23 21:16:00,2012326.0
ip-172-31-27-116.ec2.internal.meminfo.used,2019-02-23 21:17:00,2236498.0
ip-172-31-27-116.ec2.internal.meminfo.used,2019-02-23 21:18:00,2285291.3333333335
ip-172-31-27-116.ec2.internal.meminfo.used,2019-02-23 21:19:00,2457538.6666666665
ip-172-31-27-116.ec2.internal.meminfo.used,2019-02-23 21:20:00,2522522.6666666665
ip-172-31-27-116.ec2.internal.meminfo.used,2019-02-23 21:21:00,2592205.3333333335
ip-172-31-27-116.ec2.internal.meminfo.used,2019-02-23 21:22:00,2672002.0
ip-172-31-27-116.ec2.internal.meminfo.used,2019-02-23 21:23:00,2790746.6666666665
ip-172-31-27-116.ec2.internal.meminfo.used,2019-02-23 21:24:00,2908638.0
ip-172-31-27-116.ec2.internal.meminfo.used,2019-02-23 21:25:00,3001191.3333333335
ip-172-31-27-116.ec2.internal.meminfo.used,2019-02-23 21:26:00,3126391.3333333335
ip-172-31-27-116.ec2.internal.meminfo.used,2019-02-23 21:27:00,3223556.0
ip-172-31-27-116.ec2.internal.meminfo.used,2019-02-23 21:28:00,3347498.0
ip-172-31-27-116.ec2.internal.meminfo.used,2019-02-23 21:29:00,3555024.0
ip-172-31-27-116.ec2.internal.meminfo.used,2019-02-23 21:30:00,3711628.0
ip-172-31-27-116.ec2.internal.meminfo.used,2019-02-23 21:31:00,3888900.0
ip-172-31-27-116.ec2.internal.meminfo.used,2019-02-23 21:32:00,4039933.3333333335
ip-172-31-27-116.ec2.internal.meminfo.used,2019-02-23 21:33:00,4235992.0
ip-172-31-27-116.ec2.internal.meminfo.used,2019-02-23 21:34:00,4407393.333333333
ip-172-31-27-116.ec2.internal.meminfo.used,2019-02-23 21:35:00,4578239.333333333
ip-172-31-27-116.ec2.internal.meminfo.used,2019-02-23 21:36:00,4759869.333333333
ip-172-31-27-116.ec2.internal.meminfo.used,2019-02-23 21:37:00,4944808.0
ip-172-31-27-116.ec2.internal.meminfo.used,2019-02-23 21:38:00,5141003.333333333
ip-172-31-27-116.ec2.internal.meminfo.used,2019-02-23 21:39:00,5333943.333333333
ip-172-31-27-116.ec2.internal.meminfo.used,2019-02-23 21:40:00,5445183.333333333
ip-172-31-27-116.ec2.internal.meminfo.used,2019-02-23 21:41:00,5482946.0
ip-172-31-27-116.ec2.internal.meminfo.used,2019-02-23 21:42:00,5521906.0
ip-172-31-27-116.ec2.internal.meminfo.used,2019-02-23 21:43:00,5557738.0
ip-172-31-27-116.ec2.internal.meminfo.used,2019-02-23 21:44:00,5614933.333333333
ip-172-31-27-116.ec2.internal.meminfo.used,2019-02-23 21:45:00,5664128.666666667
ip-172-31-27-116.ec2.internal.meminfo.used,2019-02-23 21:46:00,5714055.333333333
ip-172-31-28-217.ec2.internal.meminfo.cached,2019-02-23 21:14:00,230062.66666666666
ip-172-31-28-217.ec2.internal.meminfo.cached,2019-02-23 21:15:00,262938.6666666667
ip-172-31-28-217.ec2.internal.meminfo.cached,2019-02-23 21:16:00,262940.6666666667
ip-172-31-28-217.ec2.internal.meminfo.cached,2019-02-23 21:17:00,262948.0
ip-172-31-28-217.ec2.internal.meminfo.cached,2019-02-23 21:18:00,262954.0
ip-172-31-28-217.ec2.internal.meminfo.cached,2019-02-23 21:19:00,262962.0
ip-172-31-28-217.ec2.internal.meminfo.cached,2019-02-23 21:20:00,263102.6666666667
ip-172-31-28-217.ec2.internal.meminfo.cached,2019-02-23 21:21:00,263112.6666666667
ip-172-31-28-217.ec2.internal.meminfo.cached,2019-02-23 21:22:00,263121.3333333333
ip-172-31-28-217.ec2.internal.meminfo.cached,2019-02-23 21:23:00,263131.3333333333
ip-172-31-28-217.ec2.internal.meminfo.cached,2019-02-23 21:24:00,263136.0
ip-172-31-28-217.ec2.internal.meminfo.cached,2019-02-23 21:25:00,263142.6666666667
ip-172-31-28-217.ec2.internal.meminfo.cached,2019-02-23 21:26:00,263150.0
ip-172-31-28-217.ec2.internal.meminfo.cached,2019-02-23 21:27:00,263155.3333333333
ip-172-31-28-217.ec2.internal.meminfo.cached,2019-02-23 21:28:00,263160.6666666667
ip-172-31-28-217.ec2.internal.meminfo.cached,2019-02-23 21:29:00,263164.0
ip-172-31-28-217.ec2.internal.meminfo.cached,2019-02-23 21:30:00,263170.6666666667
ip-172-31-28-217.ec2.internal.meminfo.cached,2019-02-23 21:31:00,263174.6666666667
ip-172-31-28-217.ec2.internal.meminfo.cached,2019-02-23 21:32:00,263178.0
ip-172-31-28-217.ec2.internal.meminfo.cached,2019-02-23 21:33:00,263180.6666666667
ip-172-31-28-217.ec2.internal.meminfo.cached,2019-02-23 21:34:00,263186.6666666667
ip-172-31-28-217.ec2.internal.meminfo.cached,2019-02-23 21:35:00,263190.6666666667
ip-172-31-28-217.ec2.internal.meminfo.cached,2019-02-23 21:36:00,263194.6666666667
ip-172-31-28-217.ec2.internal.meminfo.cached,2019-02-23 21:37:00,263200.6666666667
ip-172-31-28-217.ec2.internal.meminfo.cached,2019-02-23 21:38:00,263207.3333333333
ip-172-31-28-217.ec2.internal.meminfo.cached,2019-02-23 21:39:00,263216.0
ip-172-31-28-217.ec2.internal.meminfo.cached,2019-02-23 21:40:00,263231.3333333333
ip-172-31-28-217.ec2.internal.meminfo.cached,2019-02-23 21:41:00,263246.0
ip-172-31-28-217.ec2.internal.meminfo.cached,2019-02-23 21:42:00,263270.0
ip-172-31-28-217.ec2.internal.meminfo.cached,2019-02-23 21:43:00,263280.0
ip-172-31-28-217.ec2.internal.meminfo.cached,2019-02-23 21:44:00,263281.3333333333
ip-172-31-28-217.ec2.internal.meminfo.cached,2019-02-23 21:45:00,263285.3333333333
ip-172-31-28-217.ec2.internal.meminfo.cached,2019-02-23 21:46:00,263290.6666666667
ip-172-31-28-217.ec2.internal.meminfo.free,2019-02-23 21:14:00,9321696.0
ip-172-31-28-217.ec2.internal.meminfo.free,2019-02-23 21:15:00,8521648.0
ip-172-31-28-217.ec2.internal.meminfo.free,2019-02-23 21:16:00,8382567.333333333
ip-172-31-28-217.ec2.internal.meminfo.free,2019-02-23 21:17:00,8159468.0
ip-172-31-28-217.ec2.internal.meminfo.free,2019-02-23 21:18:00,8110100.666666667
ip-172-31-28-217.ec2.internal.meminfo.free,2019-02-23 21:19:00,7927132.666666667
ip-172-31-28-217.ec2.internal.meminfo.free,2019-02-23 21:20:00,7858348.0
ip-172-31-28-217.ec2.internal.meminfo.free,2019-02-23 21:21:00,7797698.0
ip-172-31-28-217.ec2.internal.meminfo.free,2019-02-23 21:22:00,7715132.666666667
ip-172-31-28-217.ec2.internal.meminfo.free,2019-02-23 21:23:00,7598712.666666667
ip-172-31-28-217.ec2.internal.meminfo.free,2019-02-23 21:24:00,7478626.0
ip-172-31-28-217.ec2.internal.meminfo.free,2019-02-23 21:25:00,7385150.0
ip-172-31-28-217.ec2.internal.meminfo.free,2019-02-23 21:26:00,7261749.333333333
ip-172-31-28-217.ec2.internal.meminfo.free,2019-02-23 21:27:00,7163508.666666667
ip-172-31-28-217.ec2.internal.meminfo.free,2019-02-23 21:28:00,7046166.666666667
ip-172-31-28-217.ec2.internal.meminfo.free,2019-02-23 21:29:00,6834165.333333333
ip-172-31-28-217.ec2.internal.meminfo.free,2019-02-23 21:30:00,6669900.0
ip-172-31-28-217.ec2.internal.meminfo.free,2019-02-23 21:31:00,6494320.0
ip-172-31-28-217.ec2.internal.meminfo.free,2019-02-23 21:32:00,6333566.666666667
ip-172-31-28-217.ec2.internal.meminfo.free,2019-02-23 21:33:00,6149634.666666667
ip-172-31-28-217.ec2.internal.meminfo.free,2019-02-23 21:34:00,5975937.333333333
ip-172-31-28-217.ec2.internal.meminfo.free,2019-02-23 21:35:00,5805214.666666667
ip-172-31-28-217.ec2.internal.meminfo.free,2019-02-23 21:36:00,5627851.333333333
ip-172-31-28-217.ec2.internal.meminfo.free,2019-02-23 21:37:00,5442472.666666667
ip-172-31-28-217.ec2.internal.meminfo.free,2019-02-23 21:38:00,5241178.666666667
ip-172-31-28-217.ec2.internal.meminfo.free,2019-02-23 21:39:00,5043750.0
ip-172-31-28-217.ec2.internal.meminfo.free,2019-02-23 21:40:00,4925452.666666667
ip-172-31-28-217.ec2.internal.meminfo.free,2019-02-23 21:41:00,4889480.0
ip-172-31-28-217.ec2.internal.meminfo.free,2019-02-23 21:42:00,4849050.0
ip-172-31-28-217.ec2.internal.meminfo.free,2019-02-23 21:43:00,4810450.0
ip-172-31-28-217.ec2.internal.meminfo.free,2019-02-23 21:44:00,4760051.333333333
ip-172-31-28-217.ec2.internal.meminfo.free,2019-02-23 21:45:00,4714391.333333333
ip-172-31-28-217.ec2.internal.meminfo.free,2019-02-23 21:46:00,4661614.0
ip-172-31-28-217.ec2.internal.meminfo.used,2019-02-23 21:14:00,1072636.0
ip-172-31-28-217.ec2.internal.meminfo.used,2019-02-23 21:15:00,1872684.0
ip-172-31-28-217.ec2.internal.meminfo.used,2019-02-23 21:16:00,2011764.6666666667
ip-172-31-28-217.ec2.internal.meminfo.used,2019-02-23 21:17:00,2234864.0
ip-172-31-28-217.ec2.internal.meminfo.used,2019-02-23 21:18:00,2284231.3333333335
ip-172-31-28-217.ec2.internal.meminfo.used,2019-02-23 21:19:00,2467199.3333333335
ip-172-31-28-217.ec2.internal.meminfo.used,2019-02-23 21:20:00,2535984.0
ip-172-31-28-217.ec2.internal.meminfo.used,2019-02-23 21:21:00,2596634.0
ip-172-31-28-217.ec2.internal.meminfo.used,2019-02-23 21:22:00,2679199.3333333335
ip-172-31-28-217.ec2.internal.meminfo.used,2019-02-23 21:23:00,2795619.3333333335
ip-172-31-28-217.ec2.internal.meminfo.used,2019-02-23 21:24:00,2915706.0
ip-172-31-28-217.ec2.internal.meminfo.used,2019-02-23 21:25:00,3009182.0
ip-172-31-28-217.ec2.internal.meminfo.used,2019-02-23 21:26:00,3132582.6666666665
ip-172-31-28-217.ec2.internal.meminfo.used,2019-02-23 21:27:00,3230823.3333333335
ip-172-31-28-217.ec2.internal.meminfo.used,2019-02-23 21:28:00,3348165.3333333335
ip-172-31-28-217.ec2.internal.meminfo.used,2019-02-23 21:29:00,3560166.6666666665
ip-172-31-28-217.ec2.internal.meminfo.used,2019-02-23 21:30:00,3724432.0
ip-172-31-28-217.ec2.internal.meminfo.used,2019-02-23 21:31:00,3900012.0
ip-172-31-28-217.ec2.internal.meminfo.used,2019-02-23 21:32:00,4060765.3333333335
ip-172-31-28-217.ec2.internal.meminfo.used,2019-02-23 21:33:00,4244697.333333333
ip-172-31-28-217.ec2.internal.meminfo.used,2019-02-23 21:34:00,4418394.666666667
ip-172-31-28-217.ec2.internal.meminfo.used,2019-02-23 21:35:00,4589117.333333333
ip-172-31-28-217.ec2.internal.meminfo.used,2019-02-23 21:36:00,4766480.666666667
ip-172-31-28-217.ec2.internal.meminfo.used,2019-02-23 21:37:00,4951859.333333333
ip-172-31-28-217.ec2.internal.meminfo.used,2019-02-23 21:38:00,5153153.333333333
ip-172-31-28-217.ec2.internal.meminfo.used,2019-02-23 21:39:00,5350582.0
ip-172-31-28-217.ec2.internal.meminfo.used,2019-02-23 21:40:00,5468879.333333333
ip-172-31-28-217.ec2.internal.meminfo.used,2019-02-23 21:41:00,5504852.0
ip-172-31-28-217.ec2.internal.meminfo.used,2019-02-23 21:42:00,5545282.0
ip-172-31-28-217.ec2.internal.meminfo.used,2019-02-23 21:43:00,5583882.0
ip-172-31-28-217.ec2.internal.meminfo.used,2019-02-23 21:44:00,5634280.666666667
ip-172-31-28-217.ec2.internal.meminfo.used,2019-02-23 21:45:00,5679940.666666667
ip-172-31-28-217.ec2.internal.meminfo.used,2019-02-23 21:46:00,5732718.0
ip-172-31-30-83.ec2.internal.meminfo.cached,2019-02-23 21:14:00,231205.33333333334
ip-172-31-30-83.ec2.internal.meminfo.cached,2019-02-23 21:15:00,263002.6666666667
ip-172-31-30-83.ec2.internal.meminfo.cached,2019-02-23 21:16:00,263025.3333333333
ip-172-31-30-83.ec2.internal.meminfo.cached,2019-02-23 21:17:00,263075.3333333333
ip-172-31-30-83.ec2.internal.meminfo.cached,2019-02-23 21:18:00,263117.3333333333
ip-172-31-30-83.ec2.internal.meminfo.cached,2019-02-23 21:19:00,263152.0
ip-172-31-30-83.ec2.internal.meminfo.cached,2019-02-23 21:20:00,263199.3333333333
ip-172-31-30-83.ec2.internal.meminfo.cached,2019-02-23 21:21:00,263216.0
ip-172-31-30-83.ec2.internal.meminfo.cached,2019-02-23 21:22:00,263234.0
ip-172-31-30-83.ec2.internal.meminfo.cached,2019-02-23 21:23:00,263634.6666666667
ip-172-31-30-83.ec2.internal.meminfo.cached,2019-02-23 21:24:00,263924.6666666667
ip-172-31-30-83.ec2.internal.meminfo.cached,2019-02-23 21:25:00,263982.0
ip-172-31-30-83.ec2.internal.meminfo.cached,2019-02-23 21:26:00,264000.6666666667
ip-172-31-30-83.ec2.internal.meminfo.cached,2019-02-23 21:27:00,264012.6666666667
ip-172-31-30-83.ec2.internal.meminfo.cached,2019-02-23 21:28:00,264029.3333333333
ip-172-31-30-83.ec2.internal.meminfo.cached,2019-02-23 21:29:00,264035.3333333333
ip-172-31-30-83.ec2.internal.meminfo.cached,2019-02-23 21:30:00,264043.3333333333
ip-172-31-30-83.ec2.internal.meminfo.cached,2019-02-23 21:31:00,264051.3333333333
ip-172-31-30-83.ec2.internal.meminfo.cached,2019-02-23 21:32:00,264058.6666666667
ip-172-31-30-83.ec2.internal.meminfo.cached,2019-02-23 21:33:00,264061.3333333333
ip-172-31-30-83.ec2.internal.meminfo.cached,2019-02-23 21:34:00,264069.3333333333
ip-172-31-30-83.ec2.internal.meminfo.cached,2019-02-23 21:35:00,264074.6666666667
ip-172-31-30-83.ec2.internal.meminfo.cached,2019-02-23 21:36:00,264082.0
ip-172-31-30-83.ec2.internal.meminfo.cached,2019-02-23 21:37:00,264088.6666666667
ip-172-31-30-83.ec2.internal.meminfo.cached,2019-02-23 21:38:00,264097.3333333333
ip-172-31-30-83.ec2.internal.meminfo.cached,2019-02-23 21:39:00,264104.6666666667
ip-172-31-30-83.ec2.internal.meminfo.cached,2019-02-23 21:40:00,264115.3333333333
ip-172-31-30-83.ec2.internal.meminfo.cached,2019-02-23 21:41:00,264129.3333333333
ip-172-31-30-83.ec2.internal.meminfo.cached,2019-02-23 21:42:00,264144.0
ip-172-31-30-83.ec2.internal.meminfo.cached,2019-02-23 21:43:00,264152.0
ip-172-31-30-83.ec2.internal.meminfo.cached,2019-02-23 21:44:00,264158.0
ip-172-31-30-83.ec2.internal.meminfo.cached,2019-02-23 21:45:00,264164.0
ip-172-31-30-83.ec2.internal.meminfo.cached,2019-02-23 21:46:00,264178.6666666667
ip-172-31-30-83.ec2.internal.meminfo.free,2019-02-23 21:14:00,9323022.666666666
ip-172-31-30-83.ec2.internal.meminfo.free,2019-02-23 21:15:00,8493214.666666666
ip-172-31-30-83.ec2.internal.meminfo.free,2019-02-23 21:16:00,8347536.666666667
ip-172-31-30-83.ec2.internal.meminfo.free,2019-02-23 21:17:00,8123390.666666667
ip-172-31-30-83.ec2.internal.meminfo.free,2019-02-23 21:18:00,8077512.666666667
ip-172-31-30-83.ec2.internal.meminfo.free,2019-02-23 21:19:00,7908948.0
ip-172-31-30-83.ec2.internal.meminfo.free,2019-02-23 21:20:00,7845818.666666667
ip-172-31-30-83.ec2.internal.meminfo.free,2019-02-23 21:21:00,7766279.333333333
ip-172-31-30-83.ec2.internal.meminfo.free,2019-02-23 21:22:00,7682884.0
ip-172-31-30-83.ec2.internal.meminfo.free,2019-02-23 21:23:00,7574332.0
ip-172-31-30-83.ec2.internal.meminfo.free,2019-02-23 21:24:00,7439920.666666667
ip-172-31-30-83.ec2.internal.meminfo.free,2019-02-23 21:25:00,7343914.666666667
ip-172-31-30-83.ec2.internal.meminfo.free,2019-02-23 21:26:00,7224711.333333333
ip-172-31-30-83.ec2.internal.meminfo.free,2019-02-23 21:27:00,7125680.0
ip-172-31-30-83.ec2.internal.meminfo.free,2019-02-23 21:28:00,6991792.0
ip-172-31-30-83.ec2.internal.meminfo.free,2019-02-23 21:29:00,6801831.333333333
ip-172-31-30-83.ec2.internal.meminfo.free,2019-02-23 21:30:00,6642590.666666667
ip-172-31-30-83.ec2.internal.meminfo.free,2019-02-23 21:31:00,6455180.666666667
ip-172-31-30-83.ec2.internal.meminfo.free,2019-02-23 21:32:00,6304430.666666667
ip-172-31-30-83.ec2.internal.meminfo.free,2019-02-23 21:33:00,6126082.666666667
ip-172-31-30-83.ec2.internal.meminfo.free,2019-02-23 21:34:00,5942908.666666667
ip-172-31-30-83.ec2.internal.meminfo.free,2019-02-23 21:35:00,5768814.0
ip-172-31-30-83.ec2.internal.meminfo.free,2019-02-23 21:36:00,5587860.666666667
ip-172-31-30-83.ec2.internal.meminfo.free,2019-02-23 21:37:00,5403688.0
ip-172-31-30-83.ec2.internal.meminfo.free,2019-02-23 21:38:00,5206838.666666667
ip-172-31-30-83.ec2.internal.meminfo.free,2019-02-23 21:39:00,5014965.333333333
ip-172-31-30-83.ec2.internal.meminfo.free,2019-02-23 21:40:00,4904874.0
ip-172-31-30-83.ec2.internal.meminfo.free,2019-02-23 21:41:00,4864841.333333333
ip-172-31-30-83.ec2.internal.meminfo.free,2019-02-23 21:42:00,4824873.333333333
ip-172-31-30-83.ec2.internal.meminfo.free,2019-02-23 21:43:00,4787925.333333333
ip-172-31-30-83.ec2.internal.meminfo.free,2019-02-23 21:44:00,4737384.0
ip-172-31-30-83.ec2.internal.meminfo.free,2019-02-23 21:45:00,4686841.333333333
ip-172-31-30-83.ec2.internal.meminfo.free,2019-02-23 21:46:00,4634974.0
ip-172-31-30-83.ec2.internal.meminfo.used,2019-02-23 21:14:00,1071309.3333333333
ip-172-31-30-83.ec2.internal.meminfo.used,2019-02-23 21:15:00,1901117.3333333333
ip-172-31-30-83.ec2.internal.meminfo.used,2019-02-23 21:16:00,2046795.3333333333
ip-172-31-30-83.ec2.internal.meminfo.used,2019-02-23 21:17:00,2270941.3333333335
ip-172-31-30-83.ec2.internal.meminfo.used,2019-02-23 21:18:00,2316819.3333333335
ip-172-31-30-83.ec2.internal.meminfo.used,2019-02-23 21:19:00,2485384.0
ip-172-31-30-83.ec2.internal.meminfo.used,2019-02-23 21:20:00,2548513.3333333335
ip-172-31-30-83.ec2.internal.meminfo.used,2019-02-23 21:21:00,2628052.6666666665
ip-172-31-30-83.ec2.internal.meminfo.used,2019-02-23 21:22:00,2711448.0
ip-172-31-30-83.ec2.internal.meminfo.used,2019-02-23 21:23:00,2820000.0
ip-172-31-30-83.ec2.internal.meminfo.used,2019-02-23 21:24:00,2954411.3333333335
ip-172-31-30-83.ec2.internal.meminfo.used,2019-02-23 21:25:00,3050417.3333333335
ip-172-31-30-83.ec2.internal.meminfo.used,2019-02-23 21:26:00,3169620.6666666665
ip-172-31-30-83.ec2.internal.meminfo.used,2019-02-23 21:27:00,3268652.0
ip-172-31-30-83.ec2.internal.meminfo.used,2019-02-23 21:28:00,3402540.0
ip-172-31-30-83.ec2.internal.meminfo.used,2019-02-23 21:29:00,3592500.6666666665
ip-172-31-30-83.ec2.internal.meminfo.used,2019-02-23 21:30:00,3751741.3333333335
ip-172-31-30-83.ec2.internal.meminfo.used,2019-02-23 21:31:00,3939151.3333333335
ip-172-31-30-83.ec2.internal.meminfo.used,2019-02-23 21:32:00,4089901.3333333335
ip-172-31-30-83.ec2.internal.meminfo.used,2019-02-23 21:33:00,4268249.333333333
ip-172-31-30-83.ec2.internal.meminfo.used,2019-02-23 21:34:00,4451423.333333333
ip-172-31-30-83.ec2.internal.meminfo.used,2019-02-23 21:35:00,4625518.0
ip-172-31-30-83.ec2.internal.meminfo.used,2019-02-23 21:36:00,4806471.333333333
ip-172-31-30-83.ec2.internal.meminfo.used,2019-02-23 21:37:00,4990644.0
ip-172-31-30-83.ec2.internal.meminfo.used,2019-02-23 21:38:00,5187493.333333333
ip-172-31-30-83.ec2.internal.meminfo.used,2019-02-23 21:39:00,5379366.666666667
ip-172-31-30-83.ec2.internal.meminfo.used,2019-02-23 21:40:00,5489458.0
ip-172-31-30-83.ec2.internal.meminfo.used,2019-02-23 21:41:00,5529490.666666667
ip-172-31-30-83.ec2.internal.meminfo.used,2019-02-23 21:42:00,5569458.666666667
ip-172-31-30-83.ec2.internal.meminfo.used,2019-02-23 21:43:00,5606406.666666667
ip-172-31-30-83.ec2.internal.meminfo.used,2019-02-23 21:44:00,5656948.0
ip-172-31-30-83.ec2.internal.meminfo.used,2019-02-23 21:45:00,5707490.666666667
ip-172-31-30-83.ec2.internal.meminfo.used,2019-02-23 21:46:00,5759358.0
ip-172-31-29-236.ec2.internal.meminfo.cached,2019-02-23 21:14:00,230202.66666666666
ip-172-31-29-236.ec2.internal.meminfo.cached,2019-02-23 21:15:00,262983.3333333333
ip-172-31-29-236.ec2.internal.meminfo.cached,2019-02-23 21:16:00,262988.0
ip-172-31-29-236.ec2.internal.meminfo.cached,2019-02-23 21:17:00,262998.0
ip-172-31-29-236.ec2.internal.meminfo.cached,2019-02-23 21:18:00,263008.0
ip-172-31-29-236.ec2.internal.meminfo.cached,2019-02-23 21:19:00,263018.0
ip-172-31-29-236.ec2.internal.meminfo.cached,2019-02-23 21:20:00,263040.6666666667
ip-172-31-29-236.ec2.internal.meminfo.cached,2019-02-23 21:21:00,263051.3333333333
ip-172-31-29-236.ec2.internal.meminfo.cached,2019-02-23 21:22:00,263062.6666666667
ip-172-31-29-236.ec2.internal.meminfo.cached,2019-02-23 21:23:00,263073.3333333333
ip-172-31-29-236.ec2.internal.meminfo.cached,2019-02-23 21:24:00,263078.6666666667
ip-172-31-29-236.ec2.internal.meminfo.cached,2019-02-23 21:25:00,263087.3333333333
ip-172-31-29-236.ec2.internal.meminfo.cached,2019-02-23 21:26:00,263098.0
ip-172-31-29-236.ec2.internal.meminfo.cached,2019-02-23 21:27:00,263107.3333333333
ip-172-31-29-236.ec2.internal.meminfo.cached,2019-02-23 21:28:00,263114.0
ip-172-31-29-236.ec2.internal.meminfo.cached,2019-02-23 21:29:00,263120.6666666667
ip-172-31-29-236.ec2.internal.meminfo.cached,2019-02-23 21:30:00,263128.6666666667
ip-172-31-29-236.ec2.internal.meminfo.cached,2019-02-23 21:31:00,263134.6666666667
ip-172-31-29-236.ec2.internal.meminfo.cached,2019-02-23 21:32:00,263139.3333333333
ip-172-31-29-236.ec2.internal.meminfo.cached,2019-02-23 21:33:00,263140.6666666667
ip-172-31-29-236.ec2.internal.meminfo.cached,2019-02-23 21:34:00,263146.6666666667
ip-172-31-29-236.ec2.internal.meminfo.cached,2019-02-23 21:35:00,263152.6666666667
ip-172-31-29-236.ec2.internal.meminfo.cached,2019-02-23 21:36:00,263158.0
ip-172-31-29-236.ec2.internal.meminfo.cached,2019-02-23 21:37:00,263162.6666666667
ip-172-31-29-236.ec2.internal.meminfo.cached,2019-02-23 21:38:00,263170.6666666667
ip-172-31-29-236.ec2.internal.meminfo.cached,2019-02-23 21:39:00,263178.6666666667
ip-172-31-29-236.ec2.internal.meminfo.cached,2019-02-23 21:40:00,263312.0
ip-172-31-29-236.ec2.internal.meminfo.cached,2019-02-23 21:41:00,263325.3333333333
ip-172-31-29-236.ec2.internal.meminfo.cached,2019-02-23 21:42:00,263342.0
ip-172-31-29-236.ec2.internal.meminfo.cached,2019-02-23 21:43:00,263348.0
ip-172-31-29-236.ec2.internal.meminfo.cached,2019-02-23 21:44:00,263354.0
ip-172-31-29-236.ec2.internal.meminfo.cached,2019-02-23 21:45:00,263359.3333333333
ip-172-31-29-236.ec2.internal.meminfo.cached,2019-02-23 21:46:00,263367.3333333333
ip-172-31-29-236.ec2.internal.meminfo.free,2019-02-23 21:14:00,9332370.666666666
ip-172-31-29-236.ec2.internal.meminfo.free,2019-02-23 21:15:00,8520184.0
ip-172-31-29-236.ec2.internal.meminfo.free,2019-02-23 21:16:00,8376286.0
ip-172-31-29-236.ec2.internal.meminfo.free,2019-02-23 21:17:00,8152674.0
ip-172-31-29-236.ec2.internal.meminfo.free,2019-02-23 21:18:00,8106662.0
ip-172-31-29-236.ec2.internal.meminfo.free,2019-02-23 21:19:00,7935562.666666667
ip-172-31-29-236.ec2.internal.meminfo.free,2019-02-23 21:20:00,7863399.333333333
ip-172-31-29-236.ec2.internal.meminfo.free,2019-02-23 21:21:00,7790906.666666667
ip-172-31-29-236.ec2.internal.meminfo.free,2019-02-23 21:22:00,7709476.666666667
ip-172-31-29-236.ec2.internal.meminfo.free,2019-02-23 21:23:00,7592748.666666667
ip-172-31-29-236.ec2.internal.meminfo.free,2019-02-23 21:24:00,7464371.333333333
ip-172-31-29-236.ec2.internal.meminfo.free,2019-02-23 21:25:00,7373368.666666667
ip-172-31-29-236.ec2.internal.meminfo.free,2019-02-23 21:26:00,7248633.333333333
ip-172-31-29-236.ec2.internal.meminfo.free,2019-02-23 21:27:00,7151193.333333333
ip-172-31-29-236.ec2.internal.meminfo.free,2019-02-23 21:28:00,7024597.333333333
ip-172-31-29-236.ec2.internal.meminfo.free,2019-02-23 21:29:00,6827158.0
ip-172-31-29-236.ec2.internal.meminfo.free,2019-02-23 21:30:00,6666188.666666667
ip-172-31-29-236.ec2.internal.meminfo.free,2019-02-23 21:31:00,6479471.333333333
ip-172-31-29-236.ec2.internal.meminfo.free,2019-02-23 21:32:00,6328717.333333333
ip-172-31-29-236.ec2.internal.meminfo.free,2019-02-23 21:33:00,6148793.333333333
ip-172-31-29-236.ec2.internal.meminfo.free,2019-02-23 21:34:00,5965254.0
ip-172-31-29-236.ec2.internal.meminfo.free,2019-02-23 21:35:00,5791138.0
ip-172-31-29-236.ec2.internal.meminfo.free,2019-02-23 21:36:00,5610553.333333333
ip-172-31-29-236.ec2.internal.meminfo.free,2019-02-23 21:37:00,5425643.333333333
ip-172-31-29-236.ec2.internal.meminfo.free,2019-02-23 21:38:00,5228038.666666667
ip-172-31-29-236.ec2.internal.meminfo.free,2019-02-23 21:39:00,5036070.666666667
ip-172-31-29-236.ec2.internal.meminfo.free,2019-02-23 21:40:00,4926310.666666667
ip-172-31-29-236.ec2.internal.meminfo.free,2019-02-23 21:41:00,4890909.333333333
ip-172-31-29-236.ec2.internal.meminfo.free,2019-02-23 21:42:00,4850651.333333333
ip-172-31-29-236.ec2.internal.meminfo.free,2019-02-23 21:43:00,4814750.666666667
ip-172-31-29-236.ec2.internal.meminfo.free,2019-02-23 21:44:00,4760050.0
ip-172-31-29-236.ec2.internal.meminfo.free,2019-02-23 21:45:00,4714013.333333333
ip-172-31-29-236.ec2.internal.meminfo.free,2019-02-23 21:46:00,4660613.333333333
ip-172-31-29-236.ec2.internal.meminfo.used,2019-02-23 21:14:00,1061961.3333333333
ip-172-31-29-236.ec2.internal.meminfo.used,2019-02-23 21:15:00,1874148.0
ip-172-31-29-236.ec2.internal.meminfo.used,2019-02-23 21:16:00,2018046.0
ip-172-31-29-236.ec2.internal.meminfo.used,2019-02-23 21:17:00,2241658.0
ip-172-31-29-236.ec2.internal.meminfo.used,2019-02-23 21:18:00,2287670.0
ip-172-31-29-236.ec2.internal.meminfo.used,2019-02-23 21:19:00,2458769.3333333335
ip-172-31-29-236.ec2.internal.meminfo.used,2019-02-23 21:20:00,2530932.6666666665
ip-172-31-29-236.ec2.internal.meminfo.used,2019-02-23 21:21:00,2603425.3333333335
ip-172-31-29-236.ec2.internal.meminfo.used,2019-02-23 21:22:00,2684855.3333333335
ip-172-31-29-236.ec2.internal.meminfo.used,2019-02-23 21:23:00,2801583.3333333335
ip-172-31-29-236.ec2.internal.meminfo.used,2019-02-23 21:24:00,2929960.6666666665
ip-172-31-29-236.ec2.internal.meminfo.used,2019-02-23 21:25:00,3020963.3333333335
ip-172-31-29-236.ec2.internal.meminfo.used,2019-02-23 21:26:00,3145698.6666666665
ip-172-31-29-236.ec2.internal.meminfo.used,2019-02-23 21:27:00,3243138.6666666665
ip-172-31-29-236.ec2.internal.meminfo.used,2019-02-23 21:28:00,3369734.6666666665
ip-172-31-29-236.ec2.internal.meminfo.used,2019-02-23 21:29:00,3567174.0
ip-172-31-29-236.ec2.internal.meminfo.used,2019-02-23 21:30:00,3728143.3333333335
ip-172-31-29-236.ec2.internal.meminfo.used,2019-02-23 21:31:00,3914860.6666666665
ip-172-31-29-236.ec2.internal.meminfo.used,2019-02-23 21:32:00,4065614.6666666665
ip-172-31-29-236.ec2.internal.meminfo.used,2019-02-23 21:33:00,4245538.666666667
ip-172-31-29-236.ec2.internal.meminfo.used,2019-02-23 21:34:00,4429078.0
ip-172-31-29-236.ec2.internal.meminfo.used,2019-02-23 21:35:00,4603194.0
ip-172-31-29-236.ec2.internal.meminfo.used,2019-02-23 21:36:00,4783778.666666667
ip-172-31-29-236.ec2.internal.meminfo.used,2019-02-23 21:37:00,4968688.666666667
ip-172-31-29-236.ec2.internal.meminfo.used,2019-02-23 21:38:00,5166293.333333333
ip-172-31-29-236.ec2.internal.meminfo.used,2019-02-23 21:39:00,5358261.333333333
ip-172-31-29-236.ec2.internal.meminfo.used,2019-02-23 21:40:00,5468021.333333333
ip-172-31-29-236.ec2.internal.meminfo.used,2019-02-23 21:41:00,5503422.666666667
ip-172-31-29-236.ec2.internal.meminfo.used,2019-02-23 21:42:00,5543680.666666667
ip-172-31-29-236.ec2.internal.meminfo.used,2019-02-23 21:43:00,5579581.333333333
ip-172-31-29-236.ec2.internal.meminfo.used,2019-02-23 21:44:00,5634282.0
ip-172-31-29-236.ec2.internal.meminfo.used,2019-02-23 21:45:00,5680318.666666667
ip-172-31-29-236.ec2.internal.meminfo.used,2019-02-23 21:46:00,5733718.666666667
ip-172-31-40-180.ec2.internal.meminfo.cached,2019-02-23 21:14:00,270778.6666666667
ip-172-31-40-180.ec2.internal.meminfo.cached,2019-02-23 21:15:00,302421.3333333333
ip-172-31-40-180.ec2.internal.meminfo.cached,2019-02-23 21:16:00,302424.6666666667
ip-172-31-40-180.ec2.internal.meminfo.cached,2019-02-23 21:17:00,302432.6666666667
ip-172-31-40-180.ec2.internal.meminfo.cached,2019-02-23 21:18:00,302445.3333333333
ip-172-31-40-180.ec2.internal.meminfo.cached,2019-02-23 21:19:00,302455.3333333333
ip-172-31-40-180.ec2.internal.meminfo.cached,2019-02-23 21:20:00,302472.0
ip-172-31-40-180.ec2.internal.meminfo.cached,2019-02-23 21:21:00,302482.0
ip-172-31-40-180.ec2.internal.meminfo.cached,2019-02-23 21:22:00,302491.3333333333
ip-172-31-40-180.ec2.internal.meminfo.cached,2019-02-23 21:23:00,302498.6666666667
ip-172-31-40-180.ec2.internal.meminfo.cached,2019-02-23 21:24:00,302504.6666666667
ip-172-31-40-180.ec2.internal.meminfo.cached,2019-02-23 21:25:00,302510.0
ip-172-31-40-180.ec2.internal.meminfo.cached,2019-02-23 21:26:00,302518.6666666667
ip-172-31-40-180.ec2.internal.meminfo.cached,2019-02-23 21:27:00,302526.6666666667
ip-172-31-40-180.ec2.internal.meminfo.cached,2019-02-23 21:28:00,302533.3333333333
ip-172-31-40-180.ec2.internal.meminfo.cached,2019-02-23 21:29:00,302538.6666666667
ip-172-31-40-180.ec2.internal.meminfo.cached,2019-02-23 21:30:00,302548.6666666667
ip-172-31-40-180.ec2.internal.meminfo.cached,2019-02-23 21:31:00,302554.0
ip-172-31-40-180.ec2.internal.meminfo.cached,2019-02-23 21:32:00,302558.6666666667
ip-172-31-40-180.ec2.internal.meminfo.cached,2019-02-23 21:33:00,302560.6666666667
ip-172-31-40-180.ec2.internal.meminfo.cached,2019-02-23 21:34:00,302566.6666666667
ip-172-31-40-180.ec2.internal.meminfo.cached,2019-02-23 21:35:00,302570.0
ip-172-31-40-180.ec2.internal.meminfo.cached,2019-02-23 21:36:00,302574.6666666667
ip-172-31-40-180.ec2.internal.meminfo.cached,2019-02-23 21:37:00,302578.6666666667
ip-172-31-40-180.ec2.internal.meminfo.cached,2019-02-23 21:38:00,302586.6666666667
ip-172-31-40-180.ec2.internal.meminfo.cached,2019-02-23 21:39:00,302593.3333333333
ip-172-31-40-180.ec2.internal.meminfo.cached,2019-02-23 21:40:00,302604.6666666667
ip-172-31-40-180.ec2.internal.meminfo.cached,2019-02-23 21:41:00,302616.6666666667
ip-172-31-40-180.ec2.internal.meminfo.cached,2019-02-23 21:42:00,302630.6666666667
ip-172-31-40-180.ec2.internal.meminfo.cached,2019-02-23 21:43:00,302636.0
ip-172-31-40-180.ec2.internal.meminfo.cached,2019-02-23 21:44:00,302639.3333333333
ip-172-31-40-180.ec2.internal.meminfo.cached,2019-02-23 21:45:00,302644.0
ip-172-31-40-180.ec2.internal.meminfo.cached,2019-02-23 21:46:00,302650.6666666667
ip-172-31-40-180.ec2.internal.meminfo.free,2019-02-23 21:14:00,9260937.333333334
ip-172-31-40-180.ec2.internal.meminfo.free,2019-02-23 21:15:00,8434572.666666666
ip-172-31-40-180.ec2.internal.meminfo.free,2019-02-23 21:16:00,8293975.333333333
ip-172-31-40-180.ec2.internal.meminfo.free,2019-02-23 21:17:00,8073566.0
ip-172-31-40-180.ec2.internal.meminfo.free,2019-02-23 21:18:00,8024496.0
ip-172-31-40-180.ec2.internal.meminfo.free,2019-02-23 21:19:00,7854792.666666667
ip-172-31-40-180.ec2.internal.meminfo.free,2019-02-23 21:20:00,7788972.666666667
ip-172-31-40-180.ec2.internal.meminfo.free,2019-02-23 21:21:00,7720054.0
ip-172-31-40-180.ec2.internal.meminfo.free,2019-02-23 21:22:00,7639040.0
ip-172-31-40-180.ec2.internal.meminfo.free,2019-02-23 21:23:00,7522671.333333333
ip-172-31-40-180.ec2.internal.meminfo.free,2019-02-23 21:24:00,7404672.666666667
ip-172-31-40-180.ec2.internal.meminfo.free,2019-02-23 21:25:00,7310796.666666667
ip-172-31-40-180.ec2.internal.meminfo.free,2019-02-23 21:26:00,7184962.0
ip-172-31-40-180.ec2.internal.meminfo.free,2019-02-23 21:27:00,7086968.666666667
ip-172-31-40-180.ec2.internal.meminfo.free,2019-02-23 21:28:00,6962882.0
ip-172-31-40-180.ec2.internal.meminfo.free,2019-02-23 21:29:00,6756244.666666667
ip-172-31-40-180.ec2.internal.meminfo.free,2019-02-23 21:30:00,6600064.0
ip-172-31-40-180.ec2.internal.meminfo.free,2019-02-23 21:31:00,6424941.333333333
ip-172-31-40-180.ec2.internal.meminfo.free,2019-02-23 21:32:00,6274051.333333333
ip-172-31-40-180.ec2.internal.meminfo.free,2019-02-23 21:33:00,6076833.333333333
ip-172-31-40-180.ec2.internal.meminfo.free,2019-02-23 21:34:00,5904524.0
ip-172-31-40-180.ec2.internal.meminfo.free,2019-02-23 21:35:00,5733994.0
ip-172-31-40-180.ec2.internal.meminfo.free,2019-02-23 21:36:00,5557282.666666667
ip-172-31-40-180.ec2.internal.meminfo.free,2019-02-23 21:37:00,5369759.333333333
ip-172-31-40-180.ec2.internal.meminfo.free,2019-02-23 21:38:00,5170994.0
ip-172-31-40-180.ec2.internal.meminfo.free,2019-02-23 21:39:00,4978370.666666667
ip-172-31-40-180.ec2.internal.meminfo.free,2019-02-23 21:40:00,4868991.333333333
ip-172-31-40-180.ec2.internal.meminfo.free,2019-02-23 21:41:00,4832458.0
ip-172-31-40-180.ec2.internal.meminfo.free,2019-02-23 21:42:00,4792700.666666667
ip-172-31-40-180.ec2.internal.meminfo.free,2019-02-23 21:43:00,4753977.333333333
ip-172-31-40-180.ec2.internal.meminfo.free,2019-02-23 21:44:00,4703152.0
ip-172-31-40-180.ec2.internal.meminfo.free,2019-02-23 21:45:00,4649976.0
ip-172-31-40-180.ec2.internal.meminfo.free,2019-02-23 21:46:00,4598427.333333333
ip-172-31-40-180.ec2.internal.meminfo.used,2019-02-23 21:14:00,1133394.6666666667
ip-172-31-40-180.ec2.internal.meminfo.used,2019-02-23 21:15:00,1959759.3333333333
ip-172-31-40-180.ec2.internal.meminfo.used,2019-02-23 21:16:00,2100356.6666666665
ip-172-31-40-180.ec2.internal.meminfo.used,2019-02-23 21:17:00,2320766.0
ip-172-31-40-180.ec2.internal.meminfo.used,2019-02-23 21:18:00,2369836.0
ip-172-31-40-180.ec2.internal.meminfo.used,2019-02-23 21:19:00,2539539.3333333335
ip-172-31-40-180.ec2.internal.meminfo.used,2019-02-23 21:20:00,2605359.3333333335
ip-172-31-40-180.ec2.internal.meminfo.used,2019-02-23 21:21:00,2674278.0
ip-172-31-40-180.ec2.internal.meminfo.used,2019-02-23 21:22:00,2755292.0
ip-172-31-40-180.ec2.internal.meminfo.used,2019-02-23 21:23:00,2871660.6666666665
ip-172-31-40-180.ec2.internal.meminfo.used,2019-02-23 21:24:00,2989659.3333333335
ip-172-31-40-180.ec2.internal.meminfo.used,2019-02-23 21:25:00,3083535.3333333335
ip-172-31-40-180.ec2.internal.meminfo.used,2019-02-23 21:26:00,3209370.0
ip-172-31-40-180.ec2.internal.meminfo.used,2019-02-23 21:27:00,3307363.3333333335
ip-172-31-40-180.ec2.internal.meminfo.used,2019-02-23 21:28:00,3431450.0
ip-172-31-40-180.ec2.internal.meminfo.used,2019-02-23 21:29:00,3638087.3333333335
ip-172-31-40-180.ec2.internal.meminfo.used,2019-02-23 21:30:00,3794268.0
ip-172-31-40-180.ec2.internal.meminfo.used,2019-02-23 21:31:00,3969390.6666666665
ip-172-31-40-180.ec2.internal.meminfo.used,2019-02-23 21:32:00,4120280.6666666665
ip-172-31-40-180.ec2.internal.meminfo.used,2019-02-23 21:33:00,4317498.666666667
ip-172-31-40-180.ec2.internal.meminfo.used,2019-02-23 21:34:00,4489808.0
ip-172-31-40-180.ec2.internal.meminfo.used,2019-02-23 21:35:00,4660338.0
ip-172-31-40-180.ec2.internal.meminfo.used,2019-02-23 21:36:00,4837049.333333333
ip-172-31-40-180.ec2.internal.meminfo.used,2019-02-23 21:37:00,5024572.666666667
ip-172-31-40-180.ec2.internal.meminfo.used,2019-02-23 21:38:00,5223338.0
ip-172-31-40-180.ec2.internal.meminfo.used,2019-02-23 21:39:00,5415961.333333333
ip-172-31-40-180.ec2.internal.meminfo.used,2019-02-23 21:40:00,5525340.666666667
ip-172-31-40-180.ec2.internal.meminfo.used,2019-02-23 21:41:00,5561874.0
ip-172-31-40-180.ec2.internal.meminfo.used,2019-02-23 21:42:00,5601631.333333333
ip-172-31-40-180.ec2.internal.meminfo.used,2019-02-23 21:43:00,5640354.666666667
ip-172-31-40-180.ec2.internal.meminfo.used,2019-02-23 21:44:00,5691180.0
ip-172-31-40-180.ec2.internal.meminfo.used,2019-02-23 21:45:00,5744356.0
ip-172-31-40-180.ec2.internal.meminfo.used,2019-02-23 21:46:00,5795904.666666667
ip-172-31-39-67.ec2.internal.meminfo.cached,2019-02-23 21:14:00,269999.3333333333
ip-172-31-39-67.ec2.internal.meminfo.cached,2019-02-23 21:15:00,302795.3333333333
ip-172-31-39-67.ec2.internal.meminfo.cached,2019-02-23 21:16:00,302800.6666666667
ip-172-31-39-67.ec2.internal.meminfo.cached,2019-02-23 21:17:00,302812.0
ip-172-31-39-67.ec2.internal.meminfo.cached,2019-02-23 21:18:00,302822.0
ip-172-31-39-67.ec2.internal.meminfo.cached,2019-02-23 21:19:00,302832.0
ip-172-31-39-67.ec2.internal.meminfo.cached,2019-02-23 21:20:00,302852.0
ip-172-31-39-67.ec2.internal.meminfo.cached,2019-02-23 21:21:00,302867.3333333333
ip-172-31-39-67.ec2.internal.meminfo.cached,2019-02-23 21:22:00,302878.0
ip-172-31-39-67.ec2.internal.meminfo.cached,2019-02-23 21:23:00,302892.0
ip-172-31-39-67.ec2.internal.meminfo.cached,2019-02-23 21:24:00,302900.6666666667
ip-172-31-39-67.ec2.internal.meminfo.cached,2019-02-23 21:25:00,302910.6666666667
ip-172-31-39-67.ec2.internal.meminfo.cached,2019-02-23 21:26:00,302922.6666666667
ip-172-31-39-67.ec2.internal.meminfo.cached,2019-02-23 21:27:00,302938.0
ip-172-31-39-67.ec2.internal.meminfo.cached,2019-02-23 21:28:00,302952.0
ip-172-31-39-67.ec2.internal.meminfo.cached,2019-02-23 21:29:00,302966.6666666667
ip-172-31-39-67.ec2.internal.meminfo.cached,2019-02-23 21:30:00,302974.0
ip-172-31-39-67.ec2.internal.meminfo.cached,2019-02-23 21:31:00,302982.6666666667
ip-172-31-39-67.ec2.internal.meminfo.cached,2019-02-23 21:32:00,302988.0
ip-172-31-39-67.ec2.internal.meminfo.cached,2019-02-23 21:33:00,302994.0
ip-172-31-39-67.ec2.internal.meminfo.cached,2019-02-23 21:34:00,303002.6666666667
ip-172-31-39-67.ec2.internal.meminfo.cached,2019-02-23 21:35:00,303021.3333333333
ip-172-31-39-67.ec2.internal.meminfo.cached,2019-02-23 21:36:00,303033.3333333333
ip-172-31-39-67.ec2.internal.meminfo.cached,2019-02-23 21:37:00,303043.3333333333
ip-172-31-39-67.ec2.internal.meminfo.cached,2019-02-23 21:38:00,303057.3333333333
ip-172-31-39-67.ec2.internal.meminfo.cached,2019-02-23 21:39:00,303066.0
ip-172-31-39-67.ec2.internal.meminfo.cached,2019-02-23 21:40:00,303078.0
ip-172-31-39-67.ec2.internal.meminfo.cached,2019-02-23 21:41:00,303091.3333333333
ip-172-31-39-67.ec2.internal.meminfo.cached,2019-02-23 21:42:00,303110.0
ip-172-31-39-67.ec2.internal.meminfo.cached,2019-02-23 21:43:00,303118.0
ip-172-31-39-67.ec2.internal.meminfo.cached,2019-02-23 21:44:00,303122.6666666667
ip-172-31-39-67.ec2.internal.meminfo.cached,2019-02-23 21:45:00,303130.6666666667
ip-172-31-39-67.ec2.internal.meminfo.cached,2019-02-23 21:46:00,303140.6666666667
ip-172-31-39-67.ec2.internal.meminfo.free,2019-02-23 21:14:00,9221466.0
ip-172-31-39-67.ec2.internal.meminfo.free,2019-02-23 21:15:00,5157236.0
ip-172-31-39-67.ec2.internal.meminfo.free,2019-02-23 21:16:00,3961670.0
ip-172-31-39-67.ec2.internal.meminfo.free,2019-02-23 21:17:00,3905474.0
ip-172-31-39-67.ec2.internal.meminfo.free,2019-02-23 21:18:00,3818072.0
ip-172-31-39-67.ec2.internal.meminfo.free,2019-02-23 21:19:00,3754154.6666666665
ip-172-31-39-67.ec2.internal.meminfo.free,2019-02-23 21:20:00,3689472.6666666665
ip-172-31-39-67.ec2.internal.meminfo.free,2019-02-23 21:21:00,3616874.0
ip-172-31-39-67.ec2.internal.meminfo.free,2019-02-23 21:22:00,3506339.3333333335
ip-172-31-39-67.ec2.internal.meminfo.free,2019-02-23 21:23:00,3404066.0
ip-172-31-39-67.ec2.internal.meminfo.free,2019-02-23 21:24:00,3302992.0
ip-172-31-39-67.ec2.internal.meminfo.free,2019-02-23 21:25:00,3191970.0
ip-172-31-39-67.ec2.internal.meminfo.free,2019-02-23 21:26:00,3081416.6666666665
ip-172-31-39-67.ec2.internal.meminfo.free,2019-02-23 21:27:00,2966743.3333333335
ip-172-31-39-67.ec2.internal.meminfo.free,2019-02-23 21:28:00,2829813.3333333335
ip-172-31-39-67.ec2.internal.meminfo.free,2019-02-23 21:29:00,2645342.0
ip-172-31-39-67.ec2.internal.meminfo.free,2019-02-23 21:30:00,2469134.6666666665
ip-172-31-39-67.ec2.internal.meminfo.free,2019-02-23 21:31:00,2298876.6666666665
ip-172-31-39-67.ec2.internal.meminfo.free,2019-02-23 21:32:00,2127648.6666666665
ip-172-31-39-67.ec2.internal.meminfo.free,2019-02-23 21:33:00,1954893.3333333333
ip-172-31-39-67.ec2.internal.meminfo.free,2019-02-23 21:34:00,1760322.6666666667
ip-172-31-39-67.ec2.internal.meminfo.free,2019-02-23 21:35:00,1585123.3333333333
ip-172-31-39-67.ec2.internal.meminfo.free,2019-02-23 21:36:00,1394250.6666666667
ip-172-31-39-67.ec2.internal.meminfo.free,2019-02-23 21:37:00,1306515.3333333333
ip-172-31-39-67.ec2.internal.meminfo.free,2019-02-23 21:38:00,1296817.3333333333
ip-172-31-39-67.ec2.internal.meminfo.free,2019-02-23 21:39:00,1257960.6666666667
ip-172-31-39-67.ec2.internal.meminfo.free,2019-02-23 21:40:00,1195553.3333333333
ip-172-31-39-67.ec2.internal.meminfo.free,2019-02-23 21:41:00,1160463.3333333333
ip-172-31-39-67.ec2.internal.meminfo.free,2019-02-23 21:42:00,1113122.6666666667
ip-172-31-39-67.ec2.internal.meminfo.free,2019-02-23 21:43:00,1084214.6666666667
ip-172-31-39-67.ec2.internal.meminfo.free,2019-02-23 21:44:00,1031756.0
ip-172-31-39-67.ec2.internal.meminfo.free,2019-02-23 21:45:00,981302.6666666666
ip-172-31-39-67.ec2.internal.meminfo.free,2019-02-23 21:46:00,930658.6666666666
ip-172-31-39-67.ec2.internal.meminfo.used,2019-02-23 21:14:00,1172866.0
ip-172-31-39-67.ec2.internal.meminfo.used,2019-02-23 21:15:00,5237096.0
ip-172-31-39-67.ec2.internal.meminfo.used,2019-02-23 21:16:00,6432662.0
ip-172-31-39-67.ec2.internal.meminfo.used,2019-02-23 21:17:00,6488858.0
ip-172-31-39-67.ec2.internal.meminfo.used,2019-02-23 21:18:00,6576260.0
ip-172-31-39-67.ec2.internal.meminfo.used,2019-02-23 21:19:00,6640177.333333333
ip-172-31-39-67.ec2.internal.meminfo.used,2019-02-23 21:20:00,6704859.333333333
ip-172-31-39-67.ec2.internal.meminfo.used,2019-02-23 21:21:00,6777458.0
ip-172-31-39-67.ec2.internal.meminfo.used,2019-02-23 21:22:00,6887992.666666667
ip-172-31-39-67.ec2.internal.meminfo.used,2019-02-23 21:23:00,6990266.0
ip-172-31-39-67.ec2.internal.meminfo.used,2019-02-23 21:24:00,7091340.0
ip-172-31-39-67.ec2.internal.meminfo.used,2019-02-23 21:25:00,7202362.0
ip-172-31-39-67.ec2.internal.meminfo.used,2019-02-23 21:26:00,7312915.333333333
ip-172-31-39-67.ec2.internal.meminfo.used,2019-02-23 21:27:00,7427588.666666667
ip-172-31-39-67.ec2.internal.meminfo.used,2019-02-23 21:28:00,7564518.666666667
ip-172-31-39-67.ec2.internal.meminfo.used,2019-02-23 21:29:00,7748990.0
ip-172-31-39-67.ec2.internal.meminfo.used,2019-02-23 21:30:00,7925197.333333333
ip-172-31-39-67.ec2.internal.meminfo.used,2019-02-23 21:31:00,8095455.333333333
ip-172-31-39-67.ec2.internal.meminfo.used,2019-02-23 21:32:00,8266683.333333333
ip-172-31-39-67.ec2.internal.meminfo.used,2019-02-23 21:33:00,8439438.666666666
ip-172-31-39-67.ec2.internal.meminfo.used,2019-02-23 21:34:00,8634009.333333334
ip-172-31-39-67.ec2.internal.meminfo.used,2019-02-23 21:35:00,8809208.666666666
ip-172-31-39-67.ec2.internal.meminfo.used,2019-02-23 21:36:00,9000081.333333334
ip-172-31-39-67.ec2.internal.meminfo.used,2019-02-23 21:37:00,9087816.666666666
ip-172-31-39-67.ec2.internal.meminfo.used,2019-02-23 21:38:00,9097514.666666666
ip-172-31-39-67.ec2.internal.meminfo.used,2019-02-23 21:39:00,9136371.333333334
ip-172-31-39-67.ec2.internal.meminfo.used,2019-02-23 21:40:00,9198778.666666666
ip-172-31-39-67.ec2.internal.meminfo.used,2019-02-23 21:41:00,9233868.666666666
ip-172-31-39-67.ec2.internal.meminfo.used,2019-02-23 21:42:00,9281209.333333334
ip-172-31-39-67.ec2.internal.meminfo.used,2019-02-23 21:43:00,9310117.333333334
ip-172-31-39-67.ec2.internal.meminfo.used,2019-02-23 21:44:00,9362576.0
ip-172-31-39-67.ec2.internal.meminfo.used,2019-02-23 21:45:00,9413029.333333334
ip-172-31-39-67.ec2.internal.meminfo.used,2019-02-23 21:46:00,9463673.333333334
ip-172-31-32-172.ec2.internal.meminfo.cached,2019-02-23 21:14:00,269466.6666666667
ip-172-31-32-172.ec2.internal.meminfo.cached,2019-02-23 21:15:00,302210.6666666667
ip-172-31-32-172.ec2.internal.meminfo.cached,2019-02-23 21:16:00,302214.0
ip-172-31-32-172.ec2.internal.meminfo.cached,2019-02-23 21:17:00,302223.3333333333
ip-172-31-32-172.ec2.internal.meminfo.cached,2019-02-23 21:18:00,302230.6666666667
ip-172-31-32-172.ec2.internal.meminfo.cached,2019-02-23 21:19:00,302240.6666666667
ip-172-31-32-172.ec2.internal.meminfo.cached,2019-02-23 21:20:00,302260.6666666667
ip-172-31-32-172.ec2.internal.meminfo.cached,2019-02-23 21:21:00,302272.0
ip-172-31-32-172.ec2.internal.meminfo.cached,2019-02-23 21:22:00,302284.6666666667
ip-172-31-32-172.ec2.internal.meminfo.cached,2019-02-23 21:23:00,302294.6666666667
ip-172-31-32-172.ec2.internal.meminfo.cached,2019-02-23 21:24:00,302299.3333333333
ip-172-31-32-172.ec2.internal.meminfo.cached,2019-02-23 21:25:00,302306.0
ip-172-31-32-172.ec2.internal.meminfo.cached,2019-02-23 21:26:00,302320.0
ip-172-31-32-172.ec2.internal.meminfo.cached,2019-02-23 21:27:00,302330.0
ip-172-31-32-172.ec2.internal.meminfo.cached,2019-02-23 21:28:00,302335.3333333333
ip-172-31-32-172.ec2.internal.meminfo.cached,2019-02-23 21:29:00,302340.0
ip-172-31-32-172.ec2.internal.meminfo.cached,2019-02-23 21:30:00,302346.6666666667
ip-172-31-32-172.ec2.internal.meminfo.cached,2019-02-23 21:31:00,302354.0
ip-172-31-32-172.ec2.internal.meminfo.cached,2019-02-23 21:32:00,302359.3333333333
ip-172-31-32-172.ec2.internal.meminfo.cached,2019-02-23 21:33:00,302362.0
ip-172-31-32-172.ec2.internal.meminfo.cached,2019-02-23 21:34:00,302367.3333333333
ip-172-31-32-172.ec2.internal.meminfo.cached,2019-02-23 21:35:00,302370.0
ip-172-31-32-172.ec2.internal.meminfo.cached,2019-02-23 21:36:00,302376.6666666667
ip-172-31-32-172.ec2.internal.meminfo.cached,2019-02-23 21:37:00,302382.6666666667
ip-172-31-32-172.ec2.internal.meminfo.cached,2019-02-23 21:38:00,302391.3333333333
ip-172-31-32-172.ec2.internal.meminfo.cached,2019-02-23 21:39:00,302401.3333333333
ip-172-31-32-172.ec2.internal.meminfo.cached,2019-02-23 21:40:00,302415.3333333333
ip-172-31-32-172.ec2.internal.meminfo.cached,2019-02-23 21:41:00,302427.3333333333
ip-172-31-32-172.ec2.internal.meminfo.cached,2019-02-23 21:42:00,302442.6666666667
ip-172-31-32-172.ec2.internal.meminfo.cached,2019-02-23 21:43:00,302450.0
ip-172-31-32-172.ec2.internal.meminfo.cached,2019-02-23 21:44:00,302454.0
ip-172-31-32-172.ec2.internal.meminfo.cached,2019-02-23 21:45:00,302459.3333333333
ip-172-31-32-172.ec2.internal.meminfo.cached,2019-02-23 21:46:00,302467.3333333333
ip-172-31-32-172.ec2.internal.meminfo.free,2019-02-23 21:14:00,9263864.666666666
ip-172-31-32-172.ec2.internal.meminfo.free,2019-02-23 21:15:00,8447102.0
ip-172-31-32-172.ec2.internal.meminfo.free,2019-02-23 21:16:00,8308024.666666667
ip-172-31-32-172.ec2.internal.meminfo.free,2019-02-23 21:17:00,8084288.666666667
ip-172-31-32-172.ec2.internal.meminfo.free,2019-02-23 21:18:00,8034722.0
ip-172-31-32-172.ec2.internal.meminfo.free,2019-02-23 21:19:00,7856761.333333333
ip-172-31-32-172.ec2.internal.meminfo.free,2019-02-23 21:20:00,7797556.0
ip-172-31-32-172.ec2.internal.meminfo.free,2019-02-23 21:21:00,7729893.333333333
ip-172-31-32-172.ec2.internal.meminfo.free,2019-02-23 21:22:00,7644643.333333333
ip-172-31-32-172.ec2.internal.meminfo.free,2019-02-23 21:23:00,7529398.0
ip-172-31-32-172.ec2.internal.meminfo.free,2019-02-23 21:24:00,7412052.666666667
ip-172-31-32-172.ec2.internal.meminfo.free,2019-02-23 21:25:00,7317876.0
ip-172-31-32-172.ec2.internal.meminfo.free,2019-02-23 21:26:00,7194252.666666667
ip-172-31-32-172.ec2.internal.meminfo.free,2019-02-23 21:27:00,7093309.333333333
ip-172-31-32-172.ec2.internal.meminfo.free,2019-02-23 21:28:00,6979422.0
ip-172-31-32-172.ec2.internal.meminfo.free,2019-02-23 21:29:00,6768840.666666667
ip-172-31-32-172.ec2.internal.meminfo.free,2019-02-23 21:30:00,6611359.333333333
ip-172-31-32-172.ec2.internal.meminfo.free,2019-02-23 21:31:00,6431359.333333333
ip-172-31-32-172.ec2.internal.meminfo.free,2019-02-23 21:32:00,6283850.0
ip-172-31-32-172.ec2.internal.meminfo.free,2019-02-23 21:33:00,6084066.666666667
ip-172-31-32-172.ec2.internal.meminfo.free,2019-02-23 21:34:00,5910848.666666667
ip-172-31-32-172.ec2.internal.meminfo.free,2019-02-23 21:35:00,5741027.333333333
ip-172-31-32-172.ec2.internal.meminfo.free,2019-02-23 21:36:00,5560378.0
ip-172-31-32-172.ec2.internal.meminfo.free,2019-02-23 21:37:00,5376175.333333333
ip-172-31-32-172.ec2.internal.meminfo.free,2019-02-23 21:38:00,5179915.333333333
ip-172-31-32-172.ec2.internal.meminfo.free,2019-02-23 21:39:00,4982013.333333333
ip-172-31-32-172.ec2.internal.meminfo.free,2019-02-23 21:40:00,4860192.0
ip-172-31-32-172.ec2.internal.meminfo.free,2019-02-23 21:41:00,4822959.333333333
ip-172-31-32-172.ec2.internal.meminfo.free,2019-02-23 21:42:00,4784155.333333333
ip-172-31-32-172.ec2.internal.meminfo.free,2019-02-23 21:43:00,4749344.666666667
ip-172-31-32-172.ec2.internal.meminfo.free,2019-02-23 21:44:00,4702211.333333333
ip-172-31-32-172.ec2.internal.meminfo.free,2019-02-23 21:45:00,4653779.333333333
ip-172-31-32-172.ec2.internal.meminfo.free,2019-02-23 21:46:00,4601681.333333333
ip-172-31-32-172.ec2.internal.meminfo.used,2019-02-23 21:14:00,1130467.3333333333
ip-172-31-32-172.ec2.internal.meminfo.used,2019-02-23 21:15:00,1947230.0
ip-172-31-32-172.ec2.internal.meminfo.used,2019-02-23 21:16:00,2086307.3333333333
ip-172-31-32-172.ec2.internal.meminfo.used,2019-02-23 21:17:00,2310043.3333333335
ip-172-31-32-172.ec2.internal.meminfo.used,2019-02-23 21:18:00,2359610.0
ip-172-31-32-172.ec2.internal.meminfo.used,2019-02-23 21:19:00,2537570.6666666665
ip-172-31-32-172.ec2.internal.meminfo.used,2019-02-23 21:20:00,2596776.0
ip-172-31-32-172.ec2.internal.meminfo.used,2019-02-23 21:21:00,2664438.6666666665
ip-172-31-32-172.ec2.internal.meminfo.used,2019-02-23 21:22:00,2749688.6666666665
ip-172-31-32-172.ec2.internal.meminfo.used,2019-02-23 21:23:00,2864934.0
ip-172-31-32-172.ec2.internal.meminfo.used,2019-02-23 21:24:00,2982279.3333333335
ip-172-31-32-172.ec2.internal.meminfo.used,2019-02-23 21:25:00,3076456.0
ip-172-31-32-172.ec2.internal.meminfo.used,2019-02-23 21:26:00,3200079.3333333335
ip-172-31-32-172.ec2.internal.meminfo.used,2019-02-23 21:27:00,3301022.6666666665
ip-172-31-32-172.ec2.internal.meminfo.used,2019-02-23 21:28:00,3414910.0
ip-172-31-32-172.ec2.internal.meminfo.used,2019-02-23 21:29:00,3625491.3333333335
ip-172-31-32-172.ec2.internal.meminfo.used,2019-02-23 21:30:00,3782972.6666666665
ip-172-31-32-172.ec2.internal.meminfo.used,2019-02-23 21:31:00,3962972.6666666665
ip-172-31-32-172.ec2.internal.meminfo.used,2019-02-23 21:32:00,4110482.0
ip-172-31-32-172.ec2.internal.meminfo.used,2019-02-23 21:33:00,4310265.333333333
ip-172-31-32-172.ec2.internal.meminfo.used,2019-02-23 21:34:00,4483483.333333333
ip-172-31-32-172.ec2.internal.meminfo.used,2019-02-23 21:35:00,4653304.666666667
ip-172-31-32-172.ec2.internal.meminfo.used,2019-02-23 21:36:00,4833954.0
ip-172-31-32-172.ec2.internal.meminfo.used,2019-02-23 21:37:00,5018156.666666667
ip-172-31-32-172.ec2.internal.meminfo.used,2019-02-23 21:38:00,5214416.666666667
ip-172-31-32-172.ec2.internal.meminfo.used,2019-02-23 21:39:00,5412318.666666667
ip-172-31-32-172.ec2.internal.meminfo.used,2019-02-23 21:40:00,5534140.0
ip-172-31-32-172.ec2.internal.meminfo.used,2019-02-23 21:41:00,5571372.666666667
ip-172-31-32-172.ec2.internal.meminfo.used,2019-02-23 21:42:00,5610176.666666667
ip-172-31-32-172.ec2.internal.meminfo.used,2019-02-23 21:43:00,5644987.333333333
ip-172-31-32-172.ec2.internal.meminfo.used,2019-02-23 21:44:00,5692120.666666667
ip-172-31-32-172.ec2.internal.meminfo.used,2019-02-23 21:45:00,5740552.666666667
ip-172-31-32-172.ec2.internal.meminfo.used,2019-02-23 21:46:00,5792650.666666667
